"Lượt bắt đầu báo cáo","Lượt kết thúc báo cáo","Tên chiến dịch","Lượt phân phối chiến dịch","Kết quả","Chỉ báo kết quả","Chi phí trên mỗi kết quả","Ngân sách nhóm quảng cáo","Loại ngân sách nhóm quảng cáo","Số tiền đã chi tiêu (VND)","Kết thúc","Cài đặt ghi nhận","Lượt mua","Giá trị chuyển đổi từ lượt mua","ROAS (lợi nhuận trên chi tiêu quảng cáo) của lượt mua","Người liên hệ nhắn tin mới","Chi phí trên mỗi người liên hệ nhắn tin mới (VND)","Lượt bắt đầu cuộc trò chuyện qua tin nhắn","Chi phí trên mỗi lượt bắt đầu cuộc trò chuyện qua tin nhắn (VND)","Đơn đặt hàng đã tạo","Đơn đặt hàng đã vận chuyển","Ngày tạo","Người tiếp cận","Lượt hiển thị","Lượt tương tác với bài viết","Tần suất","Lượt click vào liên kết"
2026-03-11,2026-07-27,,0,,,,0,0,38690616,,"Lượt click trong 7 ngày hoặc lượt xem trong 1 ngày",,,,,,,,,,0,2545726,6926488,,2.72083,
2026-03-11,2026-07-27,"Aeon Mall Tân Phú | Reach | CẢM ƠN NGƯỜI ĐÃ ĐỒNG HÀNH | 50.000 | 16/3-22/3",inactive,50305,reach,5807.09671007,"Sử dụng ngân sách nhóm quảng cáo",0,292126,"Đang diễn ra","Lượt click trong 7 ngày hoặc lượt xem trong 1 ngày",,,,3,97375.333333,3,97375.333333,,,2026-03-16,50305,59867,258,1.190081,10
2026-03-11,2026-07-27,"Aeon Mall Tân Phú | Reach | KỶ NIỆM 1 NĂM AEON MALL TÂN PHÚ CELADON | 150.000 | 16/3-22/3",inactive,150469,reach,6908.00098359,"Sử dụng ngân sách nhóm quảng cáo",0,1039440,"Đang diễn ra","Lượt click trong 7 ngày hoặc lượt xem trong 1 ngày",,,,1,1039440,1,1039440,,,2026-03-16,150469,195488,244,1.299191,21
2026-03-11,2026-07-27,"Aeon Mall Tân Phú | Reach | ƯU ĐÃI 50% VÉ KHI ĐẶT VÉ ONLINE | 100.000 | 23/3-1/4",inactive,97172,reach,8079.1380233,"Sử dụng ngân sách nhóm quảng cáo",0,785066,"Đang diễn ra","Lượt click trong 7 ngày hoặc lượt xem trong 1 ngày",,,,3,261688.666667,3,261688.666667,,,2026-03-23,97172,128378,105,1.321142,18
2026-03-11,2026-07-27,"Aeon Mall Tân Phú | Reach |  CƠ HỘI GIA NHẬP ""ĐẠI GIA ĐÌNH""| 150.000 | 23/3-31/3",inactive,152568,reach,7515.10146295,"Sử dụng ngân sách nhóm quảng cáo",0,1146564,"Đang diễn ra","Lượt click trong 7 ngày hoặc lượt xem trong 1 ngày",,,,1,1146564,1,1146564,,,2026-03-23,152568,189435,482,1.241643,117
2026-03-11,2026-07-27,"Aeon Mall Tân Phú | Reach | PHIM SUPER MARIO THIÊN HÀ | 50.000 | 3/4-8/4",inactive,53370,reach,4784.26082069,"Sử dụng ngân sách nhóm quảng cáo",0,255336,"Đang diễn ra","Lượt click trong 7 ngày hoặc lượt xem trong 1 ngày",,,,1,255336,1,255336,,,2026-04-03,53370,57491,73,1.077216,60
2026-03-11,2026-07-27,"Aeon Mall Tân Phú | Reach | MỪNG ĐẠI LỄ - SALE SẬP SÀN | 150.000 | 14/4-3/5",inactive,153124,reach,7643.47848802,"Sử dụng ngân sách nhóm quảng cáo",0,1170400,"Đang diễn ra","Lượt click trong 7 ngày hoặc lượt xem trong 1 ngày",,,,1,1170400,3,390133.333333,,,2026-04-14,153124,212472,218,1.387581,95
2026-03-11,2026-07-27,"Aeon Mall Tân Phú | Reach | THÁNG 5 NÀY – TẬN HƯỞNG MÙA HÈ THÚ VỊ   | 50.000 | 14/4-20/4",inactive,52337,reach,5751.72440148,"Sử dụng ngân sách nhóm quảng cáo",0,301028,"Đang diễn ra","Lượt click trong 7 ngày hoặc lượt xem trong 1 ngày",,,,1,301028,1,301028,,,2026-05-07,52337,58205,236,1.11212,79
2026-03-11,2026-07-27,"Aeon Mall Tân Phú | Reach |  COMBO HẤP DẪN – ƯU ĐÃI ĐẾN 30%   | 50.000 | 14/4-20/4 - Bản sao",inactive,50351,reach,5252.86488848,"Sử dụng ngân sách nhóm quảng cáo",0,264487,"Đang diễn ra","Lượt click trong 7 ngày hoặc lượt xem trong 1 ngày",,,,1,264487,1,264487,,,2026-05-07,50351,55670,426,1.105638,86
2026-03-11,2026-07-27,"Aeon Mall Tân Phú | Reach | AEON MALL TÂN PHÚ CELADON TRÌNH LÀNG DEAL HÈ CỰC HOT | 50.000 | 12/5 - 31/5",inactive,48432,reach,7372.04740667,"Sử dụng ngân sách nhóm quảng cáo",0,357043,"Đang diễn ra","Lượt click trong 7 ngày hoặc lượt xem trong 1 ngày",,,,,,,,,,2026-05-18,48432,60756,70,1.25446,23
2026-03-11,2026-07-27,"Aeon Mall Tân Phú | Reach | THÁNG 5 NÀY – DEAL NGẬP TRÀN TẠI AEON MALL TÂN PHÚ CELADON  | 50.000 | 25/5 - 31/5",inactive,23528,reach,6564.98639918,"Sử dụng ngân sách nhóm quảng cáo",0,154461,2026-05-31,"Lượt click trong 7 ngày hoặc lượt xem trong 1 ngày",,,,,,,,,,2026-05-25,23528,26883,44,1.142596,9
2026-03-11,2026-07-27,"Aeon Mall Tân Phú | Reach | TUYẾT THẬT GIỮA NẮNG HÈ TÂN PHÚ | 50.000 | 25/5 - 5/6",completed,45350,reach,6423.13120176,"Sử dụng ngân sách nhóm quảng cáo",0,291289,2026-06-05,"Lượt click trong 7 ngày hoặc lượt xem trong 1 ngày",,,,,,,,,,2026-05-25,45350,53135,117,1.171665,28
2026-03-11,2026-07-27,"Aeon Mall Tân Phú | Reach | ĐẬP TAN NẮNG HÈ, SĂN DEAL MÁT LẠNH | 50.000 | 25/5 - 13/6",completed,117735,reach,4273.97120652,"Sử dụng ngân sách nhóm quảng cáo",0,503196,2026-06-13,"Lượt click trong 7 ngày hoặc lượt xem trong 1 ngày",,,,,,,,,,2026-05-25,117735,140647,98,1.194607,14
2026-03-11,2026-07-27,"Aeon Mall Tân Phú | Reach | 𝐑𝐀𝐍𝐃𝐎𝐌 𝐃𝐀𝐍𝐂𝐄 𝐒𝐓𝐀𝐆𝐄 | 50.000 | 25/5 - 13/6 - Bản sao",completed,61038,reach,5691.09407254,"Sử dụng ngân sách nhóm quảng cáo",0,347373,2026-06-13,"Lượt click trong 7 ngày hoặc lượt xem trong 1 ngày",,,,,,,,,,2026-05-31,61038,69526,31,1.139061,9
2026-03-11,2026-07-27,"Aeon Mall Tân Phú | Reach | DỪNG KHOẢNG CHỪNG LÀ 2S | 50.000 | 25/5 - 20/6",completed,73193,reach,7280.05410353,"Sử dụng ngân sách nhóm quảng cáo",0,532849,2026-06-20,"Lượt click trong 7 ngày hoặc lượt xem trong 1 ngày",,,,,,,,,,2026-05-31,73193,92367,266,1.261965,90
2026-03-11,2026-07-27,"Aeon Mall Tân Phú | Reach | QUỐC TẾ THIẾU NHI 1/6 | 50.000 | 29/5-1/6",inactive,9421,reach,3118.88334572,"Sử dụng ngân sách nhóm quảng cáo",0,29383,2026-06-01,"Lượt click trong 7 ngày hoặc lượt xem trong 1 ngày",,,,,,,,,,2026-05-31,9421,9421,3,1,
2026-03-11,2026-07-27,"Aeon Mall Tân Phú | Reach | ĐẬP TAN NẮNG HÈ TẠI “VŨ TRỤ BĂNG GIÁ” LỚN NHẤT MIỀN NAM | 50.000 | 2/6 - 30/6",completed,45768,reach,6464.25450096,"Sử dụng ngân sách nhóm quảng cáo",0,295856,2026-06-14,"Lượt click trong 7 ngày hoặc lượt xem trong 1 ngày",,,,,,,,,,2026-06-03,45768,53901,109,1.177701,26
2026-03-11,2026-07-27,"Aeon Mall Tân Phú | Reach | TALKSHOW: TRẺ CHẬM LỚN CÓ PHẢI DO THIẾU VI CHẤT?  | 50.000 | 2/6 - 6/6",completed,14607,reach,5744.02683645,"Sử dụng ngân sách nhóm quảng cáo",0,83903,2026-06-06,"Lượt click trong 7 ngày hoặc lượt xem trong 1 ngày",,,,,,,,,,2026-06-03,14607,15676,2,1.073184,2
2026-03-11,2026-07-27,"Aeon Mall Tân Phú | Reach | Hãy chụp số cột khi để xe dưới hầm!  | 30.000 | 2/6 - 26/6 -",inactive,28859,reach,8469.21237742,"Sử dụng ngân sách nhóm quảng cáo",0,244413,"Đang diễn ra","Lượt click trong 7 ngày hoặc lượt xem trong 1 ngày",,,,,,,,,,2026-06-14,28859,35423,3687,1.227451,
2026-03-11,2026-07-27,"Aeon Mall Tân Phú | Reach | ĐÓN HÈ RỰC RỠ – SĂN DEAL HẾT CỠ  | 30.000 | 10/6 - 30/6",completed,50477,reach,8694.95017533,"Sử dụng ngân sách nhóm quảng cáo",0,438895,2026-06-30,"Lượt click trong 7 ngày hoặc lượt xem trong 1 ngày",,,,,,,,,,2026-06-14,50477,68687,57,1.360758,17
2026-03-11,2026-07-27,"Aeon Mall Tân Phú | Reach | ĐÂY RỒII!!! KHU VUI CHƠI TUYẾT ĐÃ CHÍNH THỨC KHAI TRƯƠNG! | 30.000 | 10/6 - 10/7",completed,82503,reach,8531.27765051,"Sử dụng ngân sách nhóm quảng cáo",0,703856,2026-07-10,"Lượt click trong 7 ngày hoặc lượt xem trong 1 ngày",,,,,,,,,,2026-06-14,82503,114341,10059,1.385901,3
2026-03-11,2026-07-27,"Aeon Mall Tân Phú | Reach | ARTIST DAY ĐÃ QUAY TRỞ LẠI! | 30.000 | 10/6 - 14/6",completed,6203,reach,6677.09172981,"Sử dụng ngân sách nhóm quảng cáo",0,41418,2026-06-15,"Lượt click trong 7 ngày hoặc lượt xem trong 1 ngày",,,,,,,,,,2026-06-14,6203,6203,657,1,
2026-03-11,2026-07-27,"Aeon Mall Tân Phú | Reach | THÁNG 7 NÀY, HÃY CÙNG TRẢI NGHIỆM LỄ HỘI NHẬT BẢN | 30.000 | 29/6 - 12/7",completed,60737,reach,5600.42478226,"Sử dụng ngân sách nhóm quảng cáo",0,340153,2026-07-12,"Lượt click trong 7 ngày hoặc lượt xem trong 1 ngày",,,,,,,,,,2026-06-29,60737,67580,87,1.112666,29
2026-03-11,2026-07-27,"Aeon Mall Tân Phú | Reach | KIDS CLUB ĐÃ QUAY TRỞ LẠI | 40.000 | 7/7 - 14/7",inactive,43745,reach,6294.89084467,"Sử dụng ngân sách nhóm quảng cáo",0,275370,2026-07-14,"Lượt click trong 7 ngày hoặc lượt xem trong 1 ngày",,,,,,,,,,2026-07-07,43745,50460,19,1.153503,9
2026-03-11,2026-07-27,"Aeon Mall Tân Phú | Reach | CẢNH BÁO CHỈ CÒN 10 NGÀY ĐỂ | 23/7 - 30/7 | 50.000",active,41598,reach,6799.94230492,"Sử dụng ngân sách nhóm quảng cáo",0,282864,2026-07-30,"Lượt click trong 7 ngày hoặc lượt xem trong 1 ngày",,,,,,,,,,2026-07-23,41598,47981,236,1.153445,25
2026-03-11,2026-07-27,"Aeon Mall Tân Phú | Reach | [KHAI TRƯƠNG]✨ LEVENTS | 23/7 - 30/7 | 30.000",inactive,27663,reach,6804.14271771,"Sử dụng ngân sách nhóm quảng cáo",0,188223,2026-07-30,"Lượt click trong 7 ngày hoặc lượt xem trong 1 ngày",,,,,,,,,,2026-07-23,27663,32866,65,1.188085,13
2026-03-11,2026-07-27,"Aeon Mall Tân Phú | Reach | TOUCH SPRING 2026 | 150.000 | 11/3-22/3",inactive,143462,reach,13418.20830603,"Sử dụng ngân sách nhóm quảng cáo",0,1925003,"Đang diễn ra","Lượt click trong 7 ngày hoặc lượt xem trong 1 ngày",,,,9,213889.222222,9,213889.222222,,,2026-03-11,143462,254620,299,1.774825,266
2026-03-11,2026-07-27,"Aeon Mall Tân Phú | Reach |  Khởi động đường đua ''F5'' | 150.000 | 15/3-30/3 - Bản sao",inactive,146467,reach,8131.0670663,"Sử dụng ngân sách nhóm quảng cáo",0,1190933,"Đang diễn ra","Lượt click trong 7 ngày hoặc lượt xem trong 1 ngày",,,,4,297733.25,7,170133.285714,,,2026-03-16,146467,206715,526,1.411342,33
2026-03-11,2026-07-27,"Aeon Mall Tân Phú | Reach |  SHOPPING LIỀN TAY - KHÔNG LO VỀ GIÁ' | 150.000 | 16/3-30/3",inactive,154226,reach,8069.85203532,"Sử dụng ngân sách nhóm quảng cáo",0,1244581,"Đang diễn ra","Lượt click trong 7 ngày hoặc lượt xem trong 1 ngày",,,,4,311145.25,4,311145.25,,,2026-03-16,154226,217131,177,1.407875,50
2026-03-11,2026-07-27,"Aeon Mall Tân Phú | Reach |  LÊN KÈO PAWTY CÙNG BOSS  | 50.000 | 23/3-29/3",inactive,62626,reach,5592.74103408,"Sử dụng ngân sách nhóm quảng cáo",0,350251,"Đang diễn ra","Lượt click trong 7 ngày hoặc lượt xem trong 1 ngày",,,,,,,,,,2026-03-23,62626,69262,110,1.105962,94
2026-03-11,2026-07-27,"Aeon Mall Tân Phú | Reach | Khoảnh khắc đáng yêu của khách hàng | 50.000 | 23/3-29/3",inactive,52168,reach,7186.20610336,"Sử dụng ngân sách nhóm quảng cáo",0,374890,"Đang diễn ra","Lượt click trong 7 ngày hoặc lượt xem trong 1 ngày",,,,4,93722.5,4,93722.5,,,2026-03-23,52168,61948,143,1.187471,2
2026-03-11,2026-07-27,"Aeon Mall Tân Phú | Reach |GIA NHẬP ""BIỆT ĐỘI""  | 50.000 | 3/4-8/4",inactive,50254,reach,5529.37079635,"Sử dụng ngân sách nhóm quảng cáo",0,277873,"Đang diễn ra","Lượt click trong 7 ngày hoặc lượt xem trong 1 ngày",,,,,,,,,,2026-04-03,50254,57084,259,1.13591,48
2026-03-11,2026-07-27,"Aeon Mall Tân Phú | Reach | Cả nhà có ai đã trượt thử zipline ở MALL chưa? | 30.000 | 14/4-20/4",inactive,31604,reach,7191.81116314,"Sử dụng ngân sách nhóm quảng cáo",0,227290,"Đang diễn ra","Lượt click trong 7 ngày hoặc lượt xem trong 1 ngày",,,,,,,,,,2026-04-14,31604,35211,4373,1.114131,48
2026-03-11,2026-07-27,"Aeon Mall Tân Phú | Reach | KHAI TRƯƠNG CANIFA  | 50.000 | 14/4-20/4",inactive,51416,reach,5252.64509102,"Sử dụng ngân sách nhóm quảng cáo",0,270070,"Đang diễn ra","Lượt click trong 7 ngày hoặc lượt xem trong 1 ngày",,,,,,,,,,2026-05-07,51416,55289,24,1.075327,9
2026-03-11,2026-07-27,"Aeon Mall Tân Phú | Reach | TOUR XUYÊN VIỆT ""0 ĐỒNG""  | 50.000 | 14/4-20/4 - Bản sao",inactive,50018,reach,6160.82210404,"Sử dụng ngân sách nhóm quảng cáo",0,308152,"Đang diễn ra","Lượt click trong 7 ngày hoặc lượt xem trong 1 ngày",,,,2,154076,2,154076,,,2026-05-07,50018,58235,58,1.164281,49
2026-03-11,2026-07-27,"Aeon Mall Tân Phú | Reach | RE-LOCATION COUPLE TX | 50.000 | 14/4-20/4",inactive,49800,reach,7420.24096386,"Sử dụng ngân sách nhóm quảng cáo",0,369528,"Đang diễn ra","Lượt click trong 7 ngày hoặc lượt xem trong 1 ngày",,,,1,369528,1,369528,,,2026-05-07,49800,64310,73,1.291365,22
2026-03-11,2026-07-27,"Aeon Mall Tân Phú | Reach | CƠ HỘI GIA NHẬP “VŨ TRỤ” AEON MALL TÂN PHÚ  | 50.000 | 14/4-20/4 - Bản sao",inactive,50344,reach,6018.98935325,"Sử dụng ngân sách nhóm quảng cáo",0,303020,"Đang diễn ra","Lượt click trong 7 ngày hoặc lượt xem trong 1 ngày",,,,,,,,,,2026-05-07,50344,59275,519,1.177399,54
2026-03-11,2026-07-27,"Aeon Mall Tân Phú | Reach | STANLEY CUSTOM TOUR  | 50.000 | 14/4-20/4 - Bản sao",inactive,50329,reach,7034.27447396,"Sử dụng ngân sách nhóm quảng cáo",0,354028,"Đang diễn ra","Lượt click trong 7 ngày hoặc lượt xem trong 1 ngày",,,,,,,,,,2026-05-07,50329,62145,245,1.234775,27
2026-03-11,2026-07-27,"Aeon Mall Tân Phú | Reach | DEAL HÈ MÁT LẠNH CÙNG AEON MALL Tân Phú  | 50.000 | 14/4-20/4 - Bản sao",inactive,49766,reach,5947.53446128,"Sử dụng ngân sách nhóm quảng cáo",0,295985,"Đang diễn ra","Lượt click trong 7 ngày hoặc lượt xem trong 1 ngày",,,,,,,,,,2026-05-07,49766,57128,20,1.147932,6
2026-03-11,2026-07-27,"Aeon Mall Tân Phú | Reach | ĐƯỜNG ĐUA “GLOW UP” | 50.000 | 14/4-20/4 - Bản sao 2",inactive,50282,reach,6766.89471381,"Sử dụng ngân sách nhóm quảng cáo",0,340253,"Đang diễn ra","Lượt click trong 7 ngày hoặc lượt xem trong 1 ngày",,,,1,340253,1,340253,,,2026-05-07,50282,60002,289,1.19331,40
2026-03-11,2026-07-27,"Aeon Mall Tân Phú | Reach | ECO CONTEST 2026 SẮP CHÍNH THỨC BÙNG NỔ | 50.000 | 25/5 - 5/6",completed,48894,reach,5957.31582607,"Sử dụng ngân sách nhóm quảng cáo",0,291277,2026-06-05,"Lượt click trong 7 ngày hoặc lượt xem trong 1 ngày",,,,,,,,,,2026-05-25,48894,55608,25,1.137317,9
2026-03-11,2026-07-27,"Aeon Mall Tân Phú | Reach | Có một tiện ích bạn sẽ cực thích | 30.000 | 25/5-KPI",inactive,29787,reach,6803.37059791,"Sử dụng ngân sách nhóm quảng cáo",0,202652,"Đang diễn ra","Lượt click trong 7 ngày hoặc lượt xem trong 1 ngày",,,,,,,,,,2026-05-25,29787,34208,3689,1.14842,
2026-03-11,2026-07-27,"Aeon Mall Tân Phú | Reach | DECATHLON TÂN PHÚ CHÍNH THỨC LÊN 7  | 50.000 | 25/5 - 1/6",completed,5499,reach,5342.97144935,"Sử dụng ngân sách nhóm quảng cáo",0,29381,2026-06-01,"Lượt click trong 7 ngày hoặc lượt xem trong 1 ngày",,,,,,,,,,2026-05-31,5499,5542,9,1.00782,4
2026-03-11,2026-07-27,"Aeon Mall Tân Phú | Reach | TRAO GIỌT HỒNG – SẺ CHIA YÊU THƯƠNG  | 50.000 | 2/6 - 26/6",completed,87407,reach,7023.37341403,"Sử dụng ngân sách nhóm quảng cáo",0,613892,2026-06-26,"Lượt click trong 7 ngày hoặc lượt xem trong 1 ngày",,,,,,,,,,2026-06-03,87407,112931,56,1.292013,14
2026-03-11,2026-07-27,"Aeon Mall Tân Phú | Reach | GIẢI NHIỆT CỰC ĐÃ, VUI HÈ HẾT GA | 30.000 | 10/6 - 15/6",completed,10056,reach,6753.87828162,"Sử dụng ngân sách nhóm quảng cáo",0,67917,2026-06-16,"Lượt click trong 7 ngày hoặc lượt xem trong 1 ngày",,,,,,,,,,2026-06-14,10056,10825,30,1.076472,5
2026-03-11,2026-07-27,"Aeon Mall Tân Phú | Reach | CHECK-IN CÁC TỌA ĐỘ PHOTOBOOTH HOT NHẤT | 30.000 | 10/6 - 10/7",completed,94329,reach,7462.29685463,"Sử dụng ngân sách nhóm quảng cáo",0,703911,2026-07-10,"Lượt click trong 7 ngày hoặc lượt xem trong 1 ngày",,,,,,,,,,2026-06-14,94329,123514,65,1.309396,20
2026-03-11,2026-07-27,"Aeon Mall Tân Phú | Reach | NIKE END OF SEASON SALE   | 30.000 | 10/6 - 11/6",completed,6633,reach,6242.57500377,"Sử dụng ngân sách nhóm quảng cáo",0,41407,2026-06-15,"Lượt click trong 7 ngày hoặc lượt xem trong 1 ngày",,,,,,,,,,2026-06-14,6633,6633,13,1,3
2026-03-11,2026-07-27,"Aeon Mall Tân Phú | Reach | THÔNG BÁO THAY ĐỔI THỜI GIAN CHƯƠNG TRÌNH | 30.000 | 29/6 - 1/7",completed,9172,reach,5314.87134758,"Sử dụng ngân sách nhóm quảng cáo",0,48748,2026-07-01,"Lượt click trong 7 ngày hoặc lượt xem trong 1 ngày",,,,,,,,,,2026-06-29,9172,9593,6,1.045901,1
2026-03-11,2026-07-27,"Aeon Mall Tân Phú | Reach | LEVENTS CHÍNH THỨC CÓ MẶT TẠI AEON MALL | 17/7 - 30/7 - Bản sao 2",recently_completed,20524,reach,6683.15143247,"Sử dụng ngân sách nhóm quảng cáo",0,137165,2026-07-22,"Lượt click trong 7 ngày hoặc lượt xem trong 1 ngày",,,,,,,,,,2026-07-17,20524,23820,49,1.160592,18
2026-03-11,2026-07-27,"Aeon Mall Tân Phú | Reach | THÁNG 8 NÀY!! 📣 B.DUCK CITYFUNS | 17/7 - 30/7 | 30.000",inactive,29677,reach,6166.89692354,"Sử dụng ngân sách nhóm quảng cáo",0,183015,2026-07-30,"Lượt click trong 7 ngày hoặc lượt xem trong 1 ngày",,,,,,,,,,2026-07-23,29677,33063,32,1.114095,9
2026-03-11,2026-07-27,"Aeon Mall Tân Phú | Reach | DỰ ÁN  ""NHẤT QUYẾT KHÔNG ĐỂ | 17/7 - 30/7 | 50.000",active,41734,reach,6738.55848948,"Sử dụng ngân sách nhóm quảng cáo",0,281227,2026-07-30,"Lượt click trong 7 ngày hoặc lượt xem trong 1 ngày",,,,,,,,,,2026-07-23,41734,49178,42,1.178368,5
2026-03-11,2026-07-27,"Aeon Mall Tân Phú | Reach | THÁNG 3 – RỘN RÀNG HOẠT ĐỘNG ĐẶC BIỆT | 200.000 | 11/3-30/3",inactive,86955,reach,13197.84946237,"Sử dụng ngân sách nhóm quảng cáo",0,1147619,"Đang diễn ra","Lượt click trong 7 ngày hoặc lượt xem trong 1 ngày",,,,,,,,,,2026-03-11,86955,158719,143,1.8253,124
2026-03-11,2026-07-27,"Aeon Mall Tân Phú | Reach | VIỆC LÀM TRAO TAY - CÓ NGAY THU NHẬP HẤP DẪN | 200.000 | 12/3-31/3",inactive,205529,reach,7587.7759343,"Sử dụng ngân sách nhóm quảng cáo",0,1559508,"Đang diễn ra","Lượt click trong 7 ngày hoặc lượt xem trong 1 ngày",,,,3,519836,3,519836,,,2026-03-12,205529,287082,1488,1.396796,227
2026-03-11,2026-07-27,"Aeon Mall Tân Phú | Reach | Đồng hành cùng Xanh SM | 50.000 | 3/4-8/4 - Bản sao",inactive,68553,reach,4372.03331729,"Sử dụng ngân sách nhóm quảng cáo",0,299716,"Đang diễn ra","Lượt click trong 7 ngày hoặc lượt xem trong 1 ngày",,,,2,149858,2,149858,,,2026-04-03,68553,74449,83,1.086006,74
2026-03-11,2026-07-27,"Aeon Mall Tân Phú | Reach | TRAO GIỌT HỒNG SẺ CHIA YÊU THƯƠNG  | 50.000 | 3/4-8/4",inactive,53474,reach,4637.13206418,"Sử dụng ngân sách nhóm quảng cáo",0,247966,"Đang diễn ra","Lượt click trong 7 ngày hoặc lượt xem trong 1 ngày",,,,,,,,,,2026-04-03,53474,58838,133,1.10031,58
2026-03-11,2026-07-27,"Aeon Mall Tân Phú | Reach | BÙNG NỔ CHUỖI SỰ KIỆN THÁNG 4  | 100.000 | 3/4-30/4",inactive,113944,reach,7185.49462894,"Sử dụng ngân sách nhóm quảng cáo",0,818744,"Đang diễn ra","Lượt click trong 7 ngày hoặc lượt xem trong 1 ngày",,,,2,409372,2,409372,,,2026-04-03,113944,157324,142,1.380713,115
2026-03-11,2026-07-27,"Aeon Mall Tân Phú | Reach | [MEGA SALE] MỪNG ĐẠI LỄ | 150.000 | 14/4-3/5",inactive,156163,reach,7337.67281622,"Sử dụng ngân sách nhóm quảng cáo",0,1145873,"Đang diễn ra","Lượt click trong 7 ngày hoặc lượt xem trong 1 ngày",,,,1,1145873,2,572936.5,,,2026-04-14,156163,212760,193,1.362423,148
2026-03-11,2026-07-27,"Aeon Mall Tân Phú | Reach | ĐƯỜNG ĐUA “F5” CHƯA DỪNG LẠI | 50.000 | 14/4-24/4",inactive,50423,reach,6501.57666144,"Sử dụng ngân sách nhóm quảng cáo",0,327829,"Đang diễn ra","Lượt click trong 7 ngày hoặc lượt xem trong 1 ngày",,,,,,,,,,2026-04-14,50423,58011,350,1.150487,31
2026-03-11,2026-07-27,"Aeon Mall Tân Phú | Reach | CLEARANCE SALE   | 50.000 | 14/4-20/4 - Bản sao",inactive,52066,reach,6375.0048016,"Sử dụng ngân sách nhóm quảng cáo",0,331921,"Đang diễn ra","Lượt click trong 7 ngày hoặc lượt xem trong 1 ngày",,,,2,165960.5,2,165960.5,,,2026-05-07,52066,62952,63,1.209081,45
2026-03-11,2026-07-27,"Aeon Mall Tân Phú | Reach | SIÊU BÃO DEAL HÈ  | 50.000 | 14/4-20/4 - Bản sao",inactive,49323,reach,6292.86539748,"Sử dụng ngân sách nhóm quảng cáo",0,310383,"Đang diễn ra","Lượt click trong 7 ngày hoặc lượt xem trong 1 ngày",,,,2,155191.5,2,155191.5,,,2026-05-07,49323,57894,77,1.173773,67
2026-03-11,2026-07-27,"Aeon Mall Tân Phú | Reach | ĐẠI LỄ ĐẾN RỒI - CHỐT ĐƠN THÔI  | 50.000 | 14/4-20/4 - Bản sao",inactive,51333,reach,5950.03214307,"Sử dụng ngân sách nhóm quảng cáo",0,305433,"Đang diễn ra","Lượt click trong 7 ngày hoặc lượt xem trong 1 ngày",,,,,,,,,,2026-05-07,51333,60842,118,1.185241,24
2026-03-11,2026-07-27,"Aeon Mall Tân Phú | Reach | FUNZONE ADVENTURE | 50.000 | 14/4-20/4 - Bản sao",inactive,50293,reach,6987.23480405,"Sử dụng ngân sách nhóm quảng cáo",0,351409,"Đang diễn ra","Lượt click trong 7 ngày hoặc lượt xem trong 1 ngày",,,,2,175704.5,2,175704.5,,,2026-05-07,50293,61264,209,1.218142,21
2026-03-11,2026-07-27,"Aeon Mall Tân Phú | Reach | ĐẶC QUYỀN RIÊNG CHO “NGƯỜI NHÀ” ĐÃ TRỞ LẠI  | 50.000 | 14/4-20/4 - Bản sao",inactive,49084,reach,5223.67777687,"Sử dụng ngân sách nhóm quảng cáo",0,256399,"Đang diễn ra","Lượt click trong 7 ngày hoặc lượt xem trong 1 ngày",,,,,,,,,,2026-05-07,49084,55511,20490,1.130939,6
2026-03-11,2026-07-27,"Aeon Mall Tân Phú | Reach | HÀNH TRÌNH “GLOW UP” VẪN ĐANG TIẾP DIỄN | 50.000 | 14/4-20/4 - Bản sao",inactive,51561,reach,8097.69011462,"Sử dụng ngân sách nhóm quảng cáo",0,417525,"Đang diễn ra","Lượt click trong 7 ngày hoặc lượt xem trong 1 ngày",,,,4,104381.25,4,104381.25,,,2026-05-07,51561,67671,3220,1.312445,61
2026-03-11,2026-07-27,"Aeon Mall Tân Phú | Reach | OVS | KHÁM PHÁ BỘ SƯU TẬP LES COPAINS   | 50.000 | 12/5 - 20/5",inactive,8437,reach,6339.45715302,"Sử dụng ngân sách nhóm quảng cáo",0,53486,"Đang diễn ra","Lượt click trong 7 ngày hoặc lượt xem trong 1 ngày",,,,,,,,,,2026-05-18,8437,8965,25,1.062581,3
2026-03-11,2026-07-27,"Aeon Mall Tân Phú | Reach | HÈ 2026 NÀY, DORAEMON RỦ CẢ NHÀ “LẶN” XUỐNG ĐÁY BIỂN LUÔN NÈ | 50.000 | 12/5 - 31/5",inactive,53592,reach,6634.14315569,"Sử dụng ngân sách nhóm quảng cáo",0,355537,"Đang diễn ra","Lượt click trong 7 ngày hoặc lượt xem trong 1 ngày",,,,,,,,,,2026-05-18,53592,64156,40,1.197119,11
2026-03-11,2026-07-27,"Aeon Mall Tân Phú | Reach | SĂN DEAL BĂNG GIÁ – ĐẬP TAN NẮNG HÈ | 50.000 | 12/5 - 14/6",inactive,110291,reach,6581.76097778,"Sử dụng ngân sách nhóm quảng cáo",0,725909,"Đang diễn ra","Lượt click trong 7 ngày hoặc lượt xem trong 1 ngày",,,,,,,,,,2026-05-18,110291,138176,61,1.252831,18
2026-03-11,2026-07-27,"Aeon Mall Tân Phú | Reach | CHÀO ĐÓN TUẦN LỄ CẢM ƠN - KHUYẾN MÃI LỚN TẠI UNIQLO | 50.000 | 25/5 - 28/5",completed,12997,reach,6100.33084558,"Sử dụng ngân sách nhóm quảng cáo",0,79286,2026-05-28,"Lượt click trong 7 ngày hoặc lượt xem trong 1 ngày",,,,,,,,,,2026-05-25,12997,13438,22,1.033931,3
2026-03-11,2026-07-27,"Aeon Mall Tân Phú | Reach | CÒN GÌ TUYỆT HƠN ĐƯỢC ĐI CHƠI NHÀ TUYẾT TRONG MÙA HÈ NÀY!!! | 50.000 | 25/5 - 14",completed,46377,reach,8061.10787675,"Sử dụng ngân sách nhóm quảng cáo",0,373850,2026-06-14,"Lượt click trong 7 ngày hoặc lượt xem trong 1 ngày",,,,,,,,,,2026-05-31,46377,61536,8164,1.326865,
2026-03-11,2026-07-27,"Aeon Mall Tân Phú | Reach | ƯU ĐÃI CHẠM TAY, RINH NGAY KẺO LỠ | 30.000 | 2/7 - 5/7",completed,127930,reach,6139.77175018,"Sử dụng ngân sách nhóm quảng cáo",0,785461,2026-07-05,"Lượt click trong 7 ngày hoặc lượt xem trong 1 ngày",,,,,,,,,,2026-07-03,127930,152764,211,1.194122,32
2026-03-11,2026-07-27,"Aeon Mall Tân Phú | Reach | CƠ HỘI GIA NHẬP “VŨ TRỤ” AEON MALL TÂN PHÚ CELADON ĐÃ SẴN SÀNG | 30.000 | 2/7 - 14/7",completed,46819,reach,6241.01326385,"Sử dụng ngân sách nhóm quảng cáo",0,292198,2026-07-14,"Lượt click trong 7 ngày hoặc lượt xem trong 1 ngày",,,,,,,,,,2026-07-03,46819,53819,397,1.149512,104
2026-03-11,2026-07-27,"Aeon Mall Tân Phú | Reach | GIẢM ĐẾN 33% COMBO 3 VÉ | 40.000 | 7/7 - 14/7",inactive,42879,reach,6733.20273327,"Sử dụng ngân sách nhóm quảng cáo",0,288713,2026-07-14,"Lượt click trong 7 ngày hoặc lượt xem trong 1 ngày",,,,,,,,,,2026-07-07,42879,49643,78,1.157746,27
2026-03-11,2026-07-27,"Aeon Mall Tân Phú | Reach | [NÂNG CẤP CỬA HÀNG] 🎉 HOÀNG PHÚC CHÍNH THỨC TRỞ LẠI | 40.000 | 7/7 - 14/7",inactive,42240,reach,6369.86268939,"Sử dụng ngân sách nhóm quảng cáo",0,269063,2026-07-14,"Lượt click trong 7 ngày hoặc lượt xem trong 1 ngày",,,,,,,,,,2026-07-07,42240,48044,90,1.137405,18
2026-03-11,2026-07-27,"Aeon Mall Tân Phú | Reach | DIỄN TẬP PHÒNG CHÁY CHỮA CHÁY | 17/7 - 30/7",active,87958,reach,6974.93121717,"Sử dụng ngân sách nhóm quảng cáo",0,613501,"Đang diễn ra","Lượt click trong 7 ngày hoặc lượt xem trong 1 ngày",,,,,,,,,,2026-07-17,87958,110850,653,1.260261,44
2026-03-11,2026-07-27,"Aeon Mall Tân Phú | Reach | ƯU ĐÃI NGẬP TRÀN JAPAN FESTIVAL | 17/7 - 30/7 - Bản sao",active,43819,reach,6153.38095347,"Sử dụng ngân sách nhóm quảng cáo",0,269635,2026-07-30,"Lượt click trong 7 ngày hoặc lượt xem trong 1 ngày",,,,,,,,,,2026-07-17,43819,49767,48,1.13574,11
2026-03-11,2026-07-27,"Aeon Mall Tân Phú | Reach | GÓC TUYỂN DỤNG | 17/7 - 30/7 - Bản sao 2",active,45359,reach,6018.91576093,"Sử dụng ngân sách nhóm quảng cáo",0,273012,2026-07-30,"Lượt click trong 7 ngày hoặc lượt xem trong 1 ngày",,,,,,,,,,2026-07-17,45359,50494,859,1.113208,147
2026-03-11,2026-07-27,"Aeon Mall Tân Phú | Reach | STUDIO ULTIMUNE X LISA  | 50.000 | 11/3-12/3",inactive,57349,reach,7375.5427296,"Sử dụng ngân sách nhóm quảng cáo",0,422980,"Đang diễn ra","Lượt click trong 7 ngày hoặc lượt xem trong 1 ngày",,,,,,,,,,2026-03-11,57349,60825,56,1.060611,50
2026-03-11,2026-07-27,"Aeon Mall Tân Phú | Reach | TALKSHOW: ĂN UỐNG KHOA HỌC – SỨC KHỎE VỮNG VÀNG | 70.000 | 11/3-15/3",inactive,72175,reach,9336.45999307,"Sử dụng ngân sách nhóm quảng cáo",0,673859,"Đang diễn ra",-,,,,1,673859,1,673859,,,2026-03-11,72175,93091,63,1.289796,57
2026-03-11,2026-07-27,"Aeon Mall Tân Phú | Reach |  TRAO GIỌT HỒNG SẺ CHIA YÊU THƯƠNG | 50.000 | 23/3-1/4",inactive,51344,reach,5445.31006544,"Sử dụng ngân sách nhóm quảng cáo",0,279584,"Đang diễn ra","Lượt click trong 7 ngày hoặc lượt xem trong 1 ngày",,,,,,,,,,2026-03-23,51344,59594,75,1.160681,56
2026-03-11,2026-07-27,"Aeon Mall Tân Phú | Reach | TỔ HỢP VẬN ĐỘNG FUNZONE ADVENTURE  | 50.000 | 3/4-8/4",inactive,50222,reach,6139.62008681,"Sử dụng ngân sách nhóm quảng cáo",0,308344,"Đang diễn ra","Lượt click trong 7 ngày hoặc lượt xem trong 1 ngày",,,,,,,,,,2026-04-03,50222,59135,59,1.177472,13
2026-03-11,2026-07-27,"Aeon Mall Tân Phú | Reach | 12 NĂM RỒI | 50.000 | 3/4-8/4",inactive,50151,reach,5548.46363981,"Sử dụng ngân sách nhóm quảng cáo",0,278261,"Đang diễn ra","Lượt click trong 7 ngày hoặc lượt xem trong 1 ngày",,,,1,278261,1,278261,,,2026-04-03,50151,57416,127,1.144863,19
2026-03-11,2026-07-27,"Aeon Mall Tân Phú | Reach | THÁNG 4 RỰC RỠ | 50.000 | 14/4-24/4",inactive,51816,reach,6878.01065308,"Sử dụng ngân sách nhóm quảng cáo",0,356391,"Đang diễn ra","Lượt click trong 7 ngày hoặc lượt xem trong 1 ngày",,,,1,356391,1,356391,,,2026-04-14,51816,59136,242,1.141269,41
2026-03-11,2026-07-27,"Aeon Mall Tân Phú | Reach | CHÚNG TÔI XÁC NHẬN ""MẤT TÍCH"" 12 TẤN ƯU PHIỀN | 30.000 | 14/4-20/4",inactive,31511,reach,6604.58252674,"Sử dụng ngân sách nhóm quảng cáo",0,208117,"Đang diễn ra","Lượt click trong 7 ngày hoặc lượt xem trong 1 ngày",,,,,,,,,,2026-04-14,31511,34713,88,1.101615,10
2026-03-11,2026-07-27,"Aeon Mall Tân Phú | Reach | THÀNH VIÊN KIDS CLUB  | 50.000 | 14/4-20/4 - Bản sao",inactive,46454,reach,6645.17587291,"Sử dụng ngân sách nhóm quảng cáo",0,308695,"Đang diễn ra","Lượt click trong 7 ngày hoặc lượt xem trong 1 ngày",,,,1,308695,1,308695,,,2026-05-07,46454,58080,53,1.250269,46
2026-03-11,2026-07-27,"Aeon Mall Tân Phú | Reach | BIẾN AEON  MALL TÂN PHÚ CELADON | 50.000 | 12/5 - 25/5",inactive,34423,reach,5675.71100718,"Sử dụng ngân sách nhóm quảng cáo",0,195375,"Đang diễn ra","Lượt click trong 7 ngày hoặc lượt xem trong 1 ngày",,,,,,,,,,2026-05-18,34423,37945,45,1.102315,16
2026-03-11,2026-07-27,"Aeon Mall Tân Phú | Reach | STANLEY 1913 x JENNIE COLLECTION | 50.000 | 25/5 - 31/5",inactive,24342,reach,6378.02974283,"Sử dụng ngân sách nhóm quảng cáo",0,155254,2026-05-31,"Lượt click trong 7 ngày hoặc lượt xem trong 1 ngày",,,,,,,,,,2026-05-25,24342,27193,45,1.117123,7
2026-03-11,2026-07-27,"Aeon Mall Tân Phú | Reach | LƯU NGAY LỊCH HÈ, NÉ CƠN NÓNG GẮT | 50.000 | 25/5 - 13/6",completed,81804,reach,6152.03413036,"Sử dụng ngân sách nhóm quảng cáo",0,503261,2026-06-13,"Lượt click trong 7 ngày hoặc lượt xem trong 1 ngày",,,,,,,,,,2026-05-25,81804,95750,54,1.170481,11
2026-03-11,2026-07-27,"Aeon Mall Tân Phú | Reach | ĐÓN HÈ THIẾU NHI – KEM NGON MỞ HỘI | 50.000 | 25/5 - 31/5",completed,5046,reach,5355.33095521,"Sử dụng ngân sách nhóm quảng cáo",0,27023,2026-06-01,"Lượt click trong 7 ngày hoặc lượt xem trong 1 ngày",,,,,,,,,,2026-05-31,5046,5046,8,1,3
2026-03-11,2026-07-27,"Aeon Mall Tân Phú | Reach | THÁNG 6 NÀY CÓ GÌ HOT TẠI AEON MALL TÂN PHÚ CELADON?  | 30.000 | 10/6 - 31/6",completed,70722,reach,6206.10276859,"Sử dụng ngân sách nhóm quảng cáo",0,438908,2026-06-30,"Lượt click trong 7 ngày hoặc lượt xem trong 1 ngày",,,,,,,,,,2026-06-14,70722,78441,54,1.109146,11
2026-03-11,2026-07-27,"Aeon Mall Tân Phú | Reach | 𝗕𝗜𝗚𝗚𝗘𝗦𝗧 𝗟𝗘𝗩𝗜'𝗦 𝗘𝗡𝗗 𝗢𝗙 𝗦𝗘𝗔𝗦𝗢𝗡 𝗦𝗔𝗟𝗘 | 30.000 | 29/6 - 5/7",completed,44366,reach,6474.07924988,"Sử dụng ngân sách nhóm quảng cáo",0,287229,2026-07-10,"Lượt click trong 7 ngày hoặc lượt xem trong 1 ngày",,,,,,,,,,2026-06-29,44366,54694,63,1.232791,23
2026-03-11,2026-07-27,"Aeon Mall Tân Phú | Reach | WORKSHOP & NGUYỆN ƯỚC TRONG CÁNH ANH ĐÀOWORKSHOP & NGUYỆN ƯỚC TRONG CÁNH ANH ĐÀOWORKSHOP & NGUYỆN ƯỚC TRONG CÁNH ANH ĐÀO | 30.000 | 10/6 - 10/7 - Bản sao",completed,52528,reach,6476.52680475,"Sử dụng ngân sách nhóm quảng cáo",0,340199,2026-07-12,"Lượt click trong 7 ngày hoặc lượt xem trong 1 ngày",,,,,,,,,,2026-06-29,52528,61708,131,1.174764,29
2026-03-11,2026-07-27,"Aeon Mall Tân Phú | Reach | CƠ HỘI CUỐI CÙNG SĂN SIÊU ƯU ĐÃI LÊN ĐẾN 50%+++  | 30.000 | 29/6 - 5/7",completed,26340,reach,5874.98101746,"Sử dụng ngân sách nhóm quảng cáo",0,154747,2026-07-05,"Lượt click trong 7 ngày hoặc lượt xem trong 1 ngày",,,,,,,,,,2026-06-29,26340,29761,36,1.129879,9
2026-03-11,2026-07-27,"Aeon Mall Tân Phú | Reach | HOT JOB ĐỔ BỘ HOT NHẤT | 30.000 | 29/6 - 12/7",completed,47382,reach,6062.36545524,"Sử dụng ngân sách nhóm quảng cáo",0,287247,2026-07-10,"Lượt click trong 7 ngày hoặc lượt xem trong 1 ngày",,,,,,,,,,2026-06-29,47382,53288,386,1.124646,78
2026-03-11,2026-07-27,"Aeon Mall Tân Phú | Reach | 🍜 KOHAKU RAMEN & UDON EXPRESS | 30.000 | 29/6 - 5/7",completed,26480,reach,5843.91993958,"Sử dụng ngân sách nhóm quảng cáo",0,154747,2026-07-05,"Lượt click trong 7 ngày hoặc lượt xem trong 1 ngày",,,,,,,,,,2026-06-29,26480,29895,77,1.128965,9
2026-03-11,2026-07-27,"Aeon Mall Tân Phú | Reach | [NÂNG CẤP CỬA HÀNG]✨ OWEN CHÍNH THỨC TRỞ LẠI  | 40.000 | 7/7 - 14/7",inactive,41047,reach,6743.05064926,"Sử dụng ngân sách nhóm quảng cáo",0,276782,2026-07-14,"Lượt click trong 7 ngày hoặc lượt xem trong 1 ngày",,,,,,,,,,2026-07-07,41047,49136,58,1.197067,15
2026-03-11,2026-07-27,"Aeon Mall Tân Phú | Reach | TRẢI NGHIỆM ẨM THỰC CHUẨN NHẬT | 40.000 | 7/7 - 14/7",inactive,42149,reach,6762.24821467,"Sử dụng ngân sách nhóm quảng cáo",0,285022,2026-07-14,"Lượt click trong 7 ngày hoặc lượt xem trong 1 ngày",,,,,,,,,,2026-07-07,42149,49710,1587,1.179387,14
2026-03-11,2026-07-27,"Aeon Mall Tân Phú | Reach | TRẠM KHỞI ĐỘNG VUI HÈ CÙNG KUN CHÍNH THỨC ĐỔ BỘ | 17/7 - 30/7 - Bản sao 2",completed,10613,reach,4821.82229341,"Sử dụng ngân sách nhóm quảng cáo",0,51174,2026-07-19,"Lượt click trong 7 ngày hoặc lượt xem trong 1 ngày",,,,,,,,,,2026-07-17,10613,10833,2,1.020729,
